{"assets/images/bg.png":["assets/images/bg.png"],"assets/images/bioskop.png":["assets/images/bioskop.png"],"assets/images/bioskopina.jpg":["assets/images/bioskopina.jpg"],"assets/images/bioskopina.png":["assets/images/bioskopina.png"],"assets/images/blackcover.jpg":["assets/images/blackcover.jpg"],"assets/images/emptyImg.png":["assets/images/emptyImg.png"],"assets/images/logo.png":["assets/images/logo.png"],"assets/images/logofilled.png":["assets/images/logofilled.png"],"assets/images/movie_icon.png":["assets/images/movie_icon.png"],"assets/images/placeholder.png":["assets/images/placeholder.png"],"assets/images/starFrame.png":["assets/images/starFrame.png"],"assets/images/starsbg.png":["assets/images/starsbg.png"],"assets/images/try.png":["assets/images/try.png"],"packages/cupertino_icons/assets/CupertinoIcons.ttf":["packages/cupertino_icons/assets/CupertinoIcons.ttf"]}